{"cameraMode":{"drawMode":0,"name":"Shaded","section":"Shading Mode"},"sceneLighting":true,"audioPlay":false,"sceneViewState":{"m_AlwaysRefresh":false,"showFog":true,"showSkybox":true,"showFlares":true,"showImageEffects":true,"showParticleSystems":true,"showVisualEffectGraphs":true,"m_FxEnabled":true},"in2DMode":false,"pivot":{"x":-0.7028071880340576,"y":0.6184817552566528,"z":0.8318253755569458},"rotation":{"x":0.05243578925728798,"y":0.7591179609298706,"z":-0.061621733009815219,"w":0.6459137797355652},"size":5.418530464172363,"orthographic":true}